# Monthly average price of $100 in gold, in greenback dollars, New York, Jan 1862-Dec 1878.
# Source: goldprice.xlsx from George Hall (Hall-Payne-Sargent macro data). Added 4 Oct 2026 for gold-unit price charts.
date,gold_price_greenbacks
1862-01-31,102.5
1862-02-28,103.5
1862-03-31,101.8
1862-04-30,101.5
1862-05-31,103.3
1862-06-30,106.5
1862-07-31,115.5
1862-08-31,114.5
1862-09-30,118.5
1862-10-31,128.5
1862-11-30,131.1
1862-12-31,132.3
1863-01-31,145.1
1863-02-28,160.5
1863-03-31,154.5
1863-04-30,151.5
1863-05-31,148.9
1863-06-30,144.5
1863-07-31,130.6
1863-08-31,125.8
1863-09-30,134.2
1863-10-31,147.7
1863-11-30,148.0
1863-12-31,151.1
1864-01-31,155.5
1864-02-29,158.6
1864-03-31,162.9
1864-04-30,172.7
1864-05-31,176.3
1864-06-30,210.7
1864-07-31,258.1
1864-08-31,254.1
1864-09-30,222.5
1864-10-31,207.2
1864-11-30,233.5
1864-12-31,227.5
1865-01-31,216.2
1865-02-28,205.5
1865-03-31,173.8
1865-04-30,148.5
1865-05-31,135.6
1865-06-30,140.1
1865-07-31,142.1
1865-08-31,143.5
1865-09-30,143.9
1865-10-31,145.5
1865-11-30,147.0
1865-12-31,146.2
1866-01-31,140.1
1866-02-28,138.4
1866-03-31,130.5
1866-04-30,127.3
1866-05-31,131.8
1866-06-30,148.7
1866-07-31,151.6
1866-08-31,148.7
1866-09-30,145.5
1866-10-31,148.3
1866-11-30,143.8
1866-12-31,136.7
1867-01-31,134.6
1867-02-28,137.4
1867-03-31,135.0
1867-04-30,135.6
1867-05-31,137.0
1867-06-30,137.5
1867-07-31,139.4
1867-08-31,140.8
1867-09-30,143.4
1867-10-31,143.5
1867-11-30,139.6
1867-12-31,134.8
1868-01-31,138.5
1868-02-29,141.4
1868-03-31,139.5
1868-04-30,138.7
1868-05-31,139.6
1868-06-30,140.1
1868-07-31,142.7
1868-08-31,145.5
1868-09-30,143.6
1868-10-31,137.1
1868-11-30,134.3
1868-12-31,135.2
1869-01-31,135.6
1869-02-28,134.4
1869-03-31,131.3
1869-04-30,132.9
1869-05-31,139.2
1869-06-30,138.1
1869-07-31,136.1
1869-08-31,134.2
1869-09-30,136.8
1869-10-31,130.2
1869-11-30,126.2
1869-12-31,121.5
1870-01-31,121.3
1870-02-28,119.5
1870-03-31,112.6
1870-04-30,113.1
1870-05-31,114.7
1870-06-30,112.9
1870-07-31,116.8
1870-08-31,117.9
1870-09-30,114.8
1870-10-31,112.8
1870-11-30,111.4
1870-12-31,110.7
1871-01-31,110.7
1871-02-28,111.5
1871-03-31,111.0
1871-04-30,110.6
1871-05-31,111.5
1871-06-30,112.4
1871-07-31,112.4
1871-08-31,112.4
1871-09-30,114.5
1871-10-31,113.2
1871-11-30,111.2
1871-12-31,109.3
1872-01-31,109.1
1872-02-29,110.3
1872-03-31,110.1
1872-04-30,111.1
1872-05-31,113.7
1872-06-30,113.9
1872-07-31,114.3
1872-08-31,114.4
1872-09-30,113.5
1872-10-31,113.2
1872-11-30,112.9
1872-12-31,112.2
1873-01-31,112.7
1873-02-28,114.1
1873-03-31,115.5
1873-04-30,117.8
1873-05-31,117.7
1873-06-30,116.5
1873-07-31,115.7
1873-08-31,115.4
1873-09-30,112.7
1873-10-31,108.9
1873-11-30,108.6
1873-12-31,110.0
1874-01-31,111.4
1874-02-28,112.3
1874-03-31,112.1
1874-04-30,113.4
1874-05-31,112.4
1874-06-30,111.3
1874-07-31,110.0
1874-08-31,109.7
1874-09-30,109.7
1874-10-31,110.0
1874-11-30,110.9
1874-12-31,111.7
1875-01-31,112.5
1875-02-28,114.5
1875-03-31,115.5
1875-04-30,114.8
1875-05-31,115.8
1875-06-30,117.0
1875-07-31,114.8
1875-08-31,113.5
1875-09-30,115.8
1875-10-31,116.4
1875-11-30,114.7
1875-12-31,113.9
1876-01-31,112.8
1876-02-29,113.4
1876-03-31,114.3
1876-04-30,113.0
1876-05-31,112.6
1876-06-30,112.5
1876-07-31,111.9
1876-08-31,111.2
1876-09-30,110.0
1876-10-31,109.7
1876-11-30,109.1
1876-12-31,107.9
1877-01-31,106.3
1877-02-28,105.4
1877-03-31,104.8
1877-04-30,106.2
1877-05-31,106.9
1877-06-30,105.4
1877-07-31,105.4
1877-08-31,105.0
1877-09-30,103.3
1877-10-31,102.8
1877-11-30,102.8
1877-12-31,102.8
1878-01-31,102.1
1878-02-28,102.0
1878-03-31,101.2
1878-04-30,100.6
1878-05-31,100.7
1878-06-30,100.8
1878-07-31,100.5
1878-08-31,100.5
1878-09-30,100.4
1878-10-31,100.5
1878-11-30,100.2
1878-12-31,100.1
